A,B,label
Differential equation,Number,1
Asymptote,Line (geometry),1
Cartesian coordinate system,Line (geometry),1
Partial fraction decomposition,Arithmetic,1
Logarithm,Natural logarithm,0
Square root,Exponentiation,0
Polygon,Line segment,1
Base (exponentiation),Exponential function,0
Equation,Quadratic equation,0
Mathematics,Linear inequality,0
Binomial theorem,Addition,1
Associative property,Complex number,0
Exponential growth,Exponential function,1
Mathematical induction,Mathematical proof,1
Quadratic formula,Real number,0
Continuous function,Mathematics,1
Asymptote,Mathematics,1
Circular sector,Geometry,1
Mathematics,Vertical line test,0
Integer,Partial fraction decomposition,0
Factorization,Partial fraction decomposition,0
Real number,Inequality (mathematics),0
Arithmetic,Mathematics,1
Addition,Circle,0
Dependent and independent variables,Function (mathematics),1
Equation,Pythagorean theorem,0
Line (geometry),Secant line,0
Algebra,Number,1
Sine wave,Mathematics,1
Circle,Geometry,1
Piecewise,Inverse function,0
Multiplication,Common logarithm,0
Empty sum,Arithmetic,1
Number,Empty sum,0
Linear equation,Equation,1
Solution of triangles,Point (geometry),1
Synthetic division,Polynomial long division,1
Inequality (mathematics),Mathematics,1
Arithmetic,Factorization,0
Function (mathematics),Exponential growth,0
Algebraic expression,Distributive property,0
Square (algebra),Algebraic expression,0
Line–line intersection,Point (geometry),1
Inequality (mathematics),Equality (mathematics),1
Rational number,Nth root,0
Parametric equation,Equation,1
Prime number,Zero of a function,0
Homogeneous polynomial,Addition,1
Limit of a function,Function (mathematics),1
Constant function,Linear function,0
Law of sines,Line segment,1
Minor (linear algebra),Square matrix,1
Coordinate system,Geometry,1
Number,Quadrant (plane geometry),0
Sine,Mathematics,1
Periodic function,Simple harmonic motion,0
Arithmetic,Subtraction,0
Associative property,Multiplication,0
Limit of a sequence,Mathematics,1
Focus (geometry),Circle,0
Exponentiation,Arithmetic,1
Perpendicular,Coordinate system,0
Function (mathematics),Periodic function,0
Quadratic formula,Arithmetic,1
Solution of triangles,Triangle,1
Addition,Rational number,0
Exponentiation,Quadratic equation,0
Rational root theorem,Equation,1
Secant line,Asymptote,0
Polynomial long division,Multiplication,1
Law of sines,Sine,1
Addition,Negative number,0
Constant function,Even and odd functions,0
Set (mathematics),Number,0
Division (mathematics),Partial fraction decomposition,0
Geometry,Circular sector,0
Linear equation,Quadratic equation,0
Scalar (mathematics),Vector (mathematics and physics),1
Mathematics,Degree of a polynomial,0
Multiplication,Rational number,0
Line (geometry),Radius,0
Linear equation,Mathematics,1
Orientation (geometry),Mathematics,1
Mathematics,Continuous function,0
Logarithm,Slope,0
Perpendicular,Angle,1
Algebra,Mathematics,1
Scientific notation,Real number,0
Real line,Geometry,1
Mathematics,Polygon,0
Position (vector),Vector (mathematics and physics),1
Floor and ceiling functions,Division (mathematics),0
Binomial,Minor (linear algebra),0
Right triangle,Polygon,1
Mathematics,Sine wave,0
Binomial coefficient,Multiplication,1
Sine,Law of sines,0
Multiplicative inverse,Multiplication,1
Scalar multiplication,Scalar (mathematics),1
Polynomial,Circle,0
Function (mathematics),Nth root,0
Addition,Commutative property,0
Division (mathematics),Multiplication,0
Addition,Binary logarithm,0
Arithmetic,Algebraic expression,0
Conic section,Mathematics,1
Arithmetic,Homogeneous polynomial,0
Addition,Linear inequality,0
Trigonometric functions,Inverse trigonometric functions,0
Arithmetic,Exponentiation,0
Coordinate system,Complex number,0
Secant line,Curve,1
Right angle,Geometry,1
Unit circle,Nth root,0
Polygon,Law of sines,0
Triangular matrix,Mathematics,1
Force,Mathematics,0
Polygon,Right triangle,0
Function (mathematics),Image (mathematics),0
Geometry,Vector (mathematics and physics),0
Analytic geometry,Cartesian coordinate system,1
Vector (mathematics and physics),Euclidean vector,0
Quadratic equation,Quadratic formula,0
Union (set theory),Empty set,0
Binomial,Binomial theorem,0
Multiplicative inverse,Mathematics,1
Complex number,Zero of a function,0
System of linear equations,Mathematics,1
Vector space,Scalar (mathematics),0
Natural logarithm,Arithmetic,1
Right triangle,Line (geometry),1
Linear equation,Cartesian coordinate system,0
Exponentiation,Multiplicative inverse,0
Spherical law of cosines,Geometry,1
Mathematics,Common logarithm,0
Multiplication,Binomial,0
Logarithm,Mathematics,1
Equation,Degree of a polynomial,0
Eccentricity (mathematics),Line (geometry),1
Geometry,System of linear equations,0
Equation,Equality (mathematics),1
Associative property,Commutative property,0
Exponential growth,Number,1
Number,Degree of a polynomial,0
Homogeneous polynomial,Mathematics,1
Unit circle,Integer,0
Geometry,Cylinder (geometry),0
Geometry,Polar coordinate system,0
Line (geometry),Real line,0
Negative number,Division (mathematics),0
Synthetic division,Degree of a polynomial,1
Main diagonal,Elementary matrix,0
Linear inequality,Calculus,1
Injective function,Function (mathematics),1
Number,Scalar multiplication,0
Geometry,Point (geometry),0
Exponentiation,Real number,0
Integer,Multiplicative inverse,0
Geometry,Pythagorean theorem,0
Arithmetic,Division (mathematics),0
Mathematics,Mereology,0
Parity (mathematics),Even and odd functions,0
Set (mathematics),Real number,0
Geometric series,Geometry,0
Mathematics,Cross product,0
Solution of triangles,Line (geometry),1
Exponentiation,Imaginary number,0
Series (mathematics),Calculus,1
Line (geometry),Ellipse,0
Empty sum,Addition,1
Dot product,Arithmetic,1
Equation,Quadratic formula,0
Algebraic expression,Square root,1
Quadratic formula,Polynomial,1
Origin (mathematics),Geometry,1
Union (set theory),Natural number,0
Multiplication,Function (mathematics),0
Addition,Polynomial long division,0
Addition,Mathematics,1
Mathematics,Algebraic equation,0
Matrix (mathematics),Triangular matrix,0
Logarithm,Number,1
Circle,Analytic geometry,0
Polynomial,Number,1
Exponential function,Mathematics,1
Range (statistics),Graph of a function,0
Real number,Nth root,0
Even and odd functions,Mathematics,1
Trigonometry,Geometry,1
Number,Integer,0
Point (geometry),Radius,0
Quadratic formula,Equation,1
Focus (geometry),Ellipse,0
Polynomial,Function (mathematics),0
Coordinate system,Real number,0
System of linear equations,Equality (mathematics),1
Mathematics,Inverse trigonometric functions,0
Plane curve,Geometry,1
Line (geometry),Transformation (function),0
Function composition,Even and odd functions,0
Base (exponentiation),Arithmetic,1
Binomial,Arithmetic,1
Mathematics,Empty sum,0
Associative property,Function (mathematics),0
Scalar (mathematics),Vector space,1
Circle,Quadratic equation,0
Partial fraction decomposition,Multiplication,1
Function (mathematics),Equation solving,0
Universal quantification,Existential quantification,0
Square root,Set (mathematics),0
Addition,Multiplication,0
Descartes' rule of signs,Rational root theorem,0
Arithmetic,Common logarithm,0
Rectangle,Mathematics,1
Perpendicular,Focus (geometry),0
Triangular matrix,Matrix (mathematics),1
Exponentiation,Algebraic expression,0
Inverse trigonometric functions,Trigonometry,1
Integer,Binomial coefficient,0
Open set,Real number,0
Set (mathematics),Real line,0
Secant line,Slope,0
Number,Quadratic formula,0
Trigonometric functions,Trigonometric substitution,0
Unit circle,Complex number,0
Law of sines,Perpendicular,0
Polynomial long division,Degree of a polynomial,1
Logarithm,E (mathematical constant),0
Geometry,Line–line intersection,0
Mathematics,Simultaneous equations,0
Cylinder (geometry),Mathematics,1
Commutative property,Subtraction,0
Determinant,Minor (linear algebra),0
Inverse trigonometric functions,Geometry,1
Circle,Real line,0
Number,Exponentiation,0
Secant line,Derivative,0
Linear equation,Geometry,1
Multiplication,Linear inequality,0
Amplitude,Sine wave,0
Point (geometry),Geometry,1
Polynomial,Mathematics,1
Descartes' rule of signs,Addition,1
Scalar multiplication,Number,1
Interval (mathematics),Real number,0
Real line,Rational number,1
Common logarithm,Mathematics,1
Curve,Cone,0
Natural logarithm,Inequality (mathematics),0
Addition,Number,1
Spherical law of cosines,Mathematics,1
Law of sines,Point (geometry),1
Binary logarithm,Number,1
Exponentiation,Fundamental theorem of algebra,0
Perpendicular,Parallel (geometry),0
Euclidean vector,Geometry,0
Equality (mathematics),System of linear equations,0
Square matrix,Elementary matrix,0
Number,Matrix multiplication,0
Square root,Algebraic expression,0
Limit of a function,Calculus,1
Logarithm,Scientific notation,0
Force,Work (physics),0
Cartesian coordinate system,Angle,1
Common logarithm,Base (exponentiation),1
Mathematics,Complex plane,0
Mathematics,Angle,0
Determinant,Main diagonal,0
Addition,Sum,0
Geometry,Trigonometry,0
Matrix (mathematics),Vector field,0
Equation,Parametric equation,0
Complex number,Number,1
Binomial,Binomial coefficient,0
Set (mathematics),Commutative property,0
Quadratic function,Graph of a function,0
Mathematics,Analytic geometry,0
Integer,Binomial,0
Number,Algebra,0
Degree (angle),Minute and second of arc,0
Geometry,Trigonometric tables,0
Geometry,Mathematics,1
Image (mathematics),Vector field,0
Angle,Right angle,0
Circle,Eccentricity (mathematics),0
Degree of a polynomial,Polynomial,1
Position (vector),Euclidean vector,1
Mathematics,Even and odd functions,0
Monotonic function,Mathematics,1
Mathematics,Real line,0
Periodic function,Mathematics,1
Mathematics,Line segment,0
Exponential growth,Function (mathematics),1
Range (statistics),Mathematics,1
Multiplication,Synthetic division,0
Algebraic operation,Algebra,1
Polar coordinate system,Geometry,1
Function (mathematics),Domain of a function,0
Mathematics,Binomial coefficient,0
Number,Cartesian coordinate system,0
Basis (linear algebra),Mathematics,1
Mathematics,Rectangle,0
Equation,Inequality (mathematics),0
Polynomial,Equation,0
Equation solving,Number,1
Addition,Integer,0
Triangle,Point (geometry),1
Addition,Binomial theorem,0
Mathematics,Product (mathematics),0
Polynomial long division,Polynomial,1
Polygon,Solution of triangles,0
Vector field,Real number,0
Addition,Rational root theorem,0
Complex number,Multiplicative inverse,0
Linear inequality,Mathematics,1
Natural number,Set-builder notation,0
Fundamental theorem of algebra,Mathematics,1
Natural logarithm,Common logarithm,0
Scientific notation,Base (exponentiation),0
Logarithm,Sine,0
Circle,Circular motion,0
Mathematics,Geometric series,0
Real number,Complex conjugate,0
Polynomial long division,Number,1
Rational function,Real number,0
Solution of triangles,Angle,1
Trigonometry,Sine,0
Cone,Mathematics,1
Law of sines,Area,0
Geometry,Radius,0
Mathematics,Algebraic expression,0
Square (algebra),Square root,0
Algebraic equation,Number,1
Arithmetic,Formula,0
Equation,Linear inequality,0
Perpendicular,Cone,0
Equality (mathematics),Algebraic equation,0
Base (exponentiation),Number,1
Linear function,Analytic geometry,0
Mathematics,Synthetic division,0
Trigonometric substitution,Trigonometric functions,1
Nth root,Square root,0
Multiplication,Multiplicative inverse,0
Algebraic expression,Polynomial,1
Monomial,Change of variables,0
Line segment,Right triangle,0
Multiplication,Binomial coefficient,0
Square matrix,Identity matrix,0
Sine,Cartesian coordinate system,0
Rational number,Sine,0
Identity matrix,Elementary matrix,0
Range (statistics),Image (mathematics),0
Radius,Line (geometry),1
Line (geometry),Equation,0
Mathematics,Base (exponentiation),0
Mathematics,Trigonometric substitution,0
Sine,Sine wave,0
Dot product,Multiplication,1
Integer,Binomial theorem,0
Linear function,Equation,0
Equality (mathematics),Linear equation,0
Real line,Mathematics,1
Cross product,Number,1
Asymptote,Polynomial long division,0
Geometry,Pythagorean trigonometric identity,0
Geometric series,Calculus,1
Scalar multiplication,Multiplication,1
Circular motion,Geometry,1
Circular sector,Mathematics,1
Number,Extended real number line,0
Matrix ring,Number,1
Number,Factorization,0
Parametric equation,Mathematics,1
Angle,Analytic geometry,0
Calculus,Linear function,0
Maxima and minima,Real number,0
Mathematics,Circle,0
Addition,Binomial,0
Quadratic formula,Quadratic equation,1
E (mathematical constant),Base (exponentiation),0
Limit (mathematics),Work (physics),0
Product topology,Arithmetic,1
Expression (mathematics),Mathematics,1
Algebraic expression,Rational number,0
Number,Distributive property,0
Division (mathematics),Number,1
Common logarithm,Multiplication,1
Addition,Homogeneous polynomial,0
Natural number,Real number,0
Function (mathematics),Even and odd functions,0
Synthetic division,Integer,1
Inequality (mathematics),Equation,1
Equality (mathematics),Mathematics,1
Line (geometry),Cone,0
Number,Addition,0
Geometry,Inverse trigonometric functions,0
Real number,Domain of a function,0
Polynomial long division,Division (mathematics),1
Matrix multiplication,Vector (mathematics and physics),0
Sine wave,Sine,1
Commutative property,Function (mathematics),0
Transformation (function),Geometry,0
Line segment,Cylinder (geometry),0
Range (statistics),Domain of a function,0
Rationalisation (mathematics),Nth root,0
Trigonometry,Law of sines,0
Square root,Cartesian coordinate system,0
Number,Differential equation,0
Polynomial,Quadratic formula,0
Mathematics,Division by zero,0
Mathematics,Series (mathematics),0
Exponential function,Scientific notation,0
Real number,Closed set,0
Secant line,Calculus,0
Binomial theorem,Integer,1
Vertical line test,Function (mathematics),1
Exponentiation,Common logarithm,0
Scalar (mathematics),Real number,0
Mathematics,Formula,0
Binary logarithm,Base (exponentiation),1
Rational root theorem,Number,1
Exponential function,Exponentiation,1
Number,Common logarithm,0
Angle,Mathematics,1
Geometry,Trigonometric substitution,0
Complex number,Natural number,0
Plane (geometry),Polar coordinate system,0
Division (mathematics),Synthetic division,0
Real line,Number,1
Exponentiation,Set (mathematics),0
Integer,Degree of a polynomial,0
Subtraction,Arithmetic,1
Product (mathematics),Dot product,0
Right angle,Mathematics,1
Multiplication,Scientific notation,0
Number,Polar coordinate system,0
Solution of triangles,Mathematics,1
Integer,Set (mathematics),0
Exponential function,Logarithm,0
Minute and second of arc,Angle,0
Plane curve,Plane (geometry),1
Even and odd functions,Graph of a function,0
Exponentiation,Exponential growth,0
Function (mathematics),Real number,0
Pythagorean trigonometric identity,Pythagorean theorem,1
E (mathematical constant),Natural logarithm,0
Function (mathematics),Monotonic function,0
Quadratic equation,Mathematics,1
Equation,Differential equation,0
Geometry,Rotation of axes,0
Edge (geometry),Line segment,1
Vector (mathematics and physics),Calculus,0
Solution of triangles,Trigonometry,1
Function (mathematics),Inverse function,0
Polynomial,Multiplication,1
Square root,Square (algebra),1
Dependent and independent variables,Mathematics,1
Mathematics,Eccentricity (mathematics),0
Mathematics,Ellipse,0
Coordinate system,Rotation of axes,0
Matrix ring,Mathematics,1
Geometry,Perpendicular,0
Exponential function,Multiplication,1
Cubic function,Function (mathematics),1
Quadrant (plane geometry),Number,1
Polynomial,Homogeneous polynomial,0
Number,Coordinate system,0
Interval (mathematics),Empty set,0
Coordinate system,Equation,0
Number,System of linear equations,0
Cartesian coordinate system,Distance,1
Mathematics,Unit circle,0
Geometry,Line segment,0
Zero of a function,Mathematics,1
Exponentiation,Rational number,0
Semi-major axis,Work (physics),0
Number,Binomial,0
Arithmetic,Rational root theorem,0
Amplitude,Displacement (vector),0
Trigonometry,Inverse trigonometric functions,0
Exponentiation,Exponential function,0
Logarithm,Addition,0
Algebra,Algebraic expression,0
Secant line,Line (geometry),1
Exponentiation,Degree of a polynomial,0
Line (geometry),Conic section,0
Perpendicular,Cartesian coordinate system,0
Mathematics,Differential equation,0
Complex number,Identity (mathematics),0
Pythagorean theorem,Mathematics,1
Equation solving,Domain of a function,0
Addition,Matrix ring,0
Rational root theorem,Equation solving,1
Logarithm,Identity (mathematics),0
Mathematics,Cubic function,0
Mathematics,Identity (mathematics),0
Geometry,Orientation (geometry),0
Equation,System of linear equations,0
Square (algebra),Number,1
Perpendicular,Line (geometry),1
Mathematics,Logarithm,0
Geometry,Unit circle,0
Geometry,Circular motion,0
Open set,Set (mathematics),1
Rational root theorem,Rational number,1
Rotation (mathematics),Mathematics,1
Geometry,Rectangle,0
Quadratic equation,Nth root,0
Rotation of axes,Ellipse,0
Transformation (function),Coordinate system,0
Equation,Geometry,0
Mathematics,Cartesian coordinate system,0
Range (statistics),Limit (mathematics),0
Trigonometry,Pythagorean trigonometric identity,0
Integer,Algebraic expression,0
Mathematics,Rotation (mathematics),0
Algebraic expression,Arithmetic,1
Prime number,Polynomial long division,0
Polynomial,Rational root theorem,0
Minor (linear algebra),Matrix (mathematics),1
Linear function,Mathematics,1
Complex number,Subtraction,0
Radius,Geometry,1
Floor and ceiling functions,Binomial coefficient,0
Vertical line test,Geometry,1
Synthetic division,Factorization,0
Binomial theorem,Polynomial,1
Matrix (mathematics),Vector (mathematics and physics),0
Parallel (geometry),Line (geometry),1
Polynomial,Addition,1
Matrix (mathematics),Square matrix,0
Multiplication,Empty set,0
Sign (mathematics),Inverse element,0
Synthetic division,Mathematics,1
Negative number,Subtraction,0
Binomial,Number,1
Perpendicular,Analytic geometry,0
Circular sector,Curve,1
Radius,Line segment,1
Linear equation,Line (geometry),1
Natural logarithm,E (mathematical constant),1
Zero of a function,Graph of a function,0
Circle,Conic section,0
Parity (mathematics),Square (algebra),0
Imaginary number,Real number,1
Coordinate system,Vector field,0
Binary number,Number,1
Line segment,Transformation (function),0
Arithmetic,Product (mathematics),0
Distance,Cartesian coordinate system,0
Right angle,Angle,1
Symmetry,Geometry,0
Binary logarithm,Common logarithm,0
Integer,Function (mathematics),0
Matrix ring,Addition,1
Ellipse,Curve,1
Binomial coefficient,Binomial theorem,1
Edge (geometry),Line (geometry),1
Geometry,Sine,0
Angle,Solution of triangles,0
Linear equation,Graph of a function,0
Geometry,Line (geometry),0
Triangle,Geometry,1
Equation,Algebraic equation,0
Addition,Equation,0
Infinity,Limit (mathematics),0
Polynomial,Integer,1
Vector (mathematics and physics),Position (vector),0
Law of sines,Spherical law of cosines,0
Number,Product (mathematics),0
Partial fraction decomposition,Polynomial long division,0
Linear equation,Change of variables,0
Cartesian coordinate system,Perpendicular,1
Polynomial,Fundamental theorem of algebra,0
Base (exponentiation),Common logarithm,0
Geometry,Eccentricity (mathematics),0
Domain of a function,Cartesian coordinate system,0
Polynomial,Linear function,0
Mathematics,Arithmetic mean,0
Function (mathematics),Limit of a function,0
Fundamental theorem of algebra,Real number,1
Algebraic expression,Subtraction,0
Equality (mathematics),Identity (mathematics),0
Cross product,Real number,0
Division (mathematics),Real number,0
Number,Linear inequality,0
Mathematics,Summation,0
Multiplication,Commutative property,0
Linear function,Derivative,0
Multiplication,Binary logarithm,0
Logarithm,Natural number,0
Cone,Geometry,1
Linear equation,Complex number,0
Norm (mathematics),Vector (mathematics and physics),1
Empty sum,Summation,1
Transformation (function),Circle,0
Graph of a function,Vertical line test,0
Integer,Rational number,0
Trigonometric tables,Trigonometry,1
Associative property,Real number,0
Equation solving,Empty set,0
Cross product,Arithmetic,1
Binary logarithm,Arithmetic,1
Point (geometry),Chord (geometry),0
Prime number,Binary logarithm,0
Product (mathematics),Arithmetic,1
Equality (mathematics),Equation,0
Mathematics,Product topology,0
Binomial theorem,Mathematics,1
Line segment,Solution of triangles,0
Division (mathematics),Inequality (mathematics),0
Matrix multiplication,Main diagonal,0
Trigonometry,Mathematics,1
Trigonometry,Trigonometric tables,0
Number,Algebraic operation,0
Complex number,Division (mathematics),0
Unit circle,Curve,1
Law of sines,Circle,0
Arithmetic,Exponential function,0
Injective function,Inverse function,0
Trigonometric tables,Geometry,1
Right triangle,Geometry,1
Number,Division by zero,0
Polygon,Mathematics,1
Mathematics,Transformation (function),0
Function (mathematics),Inverse trigonometric functions,0
Trigonometric tables,Mathematics,1
Pythagorean theorem,Inverse trigonometric functions,0
Associative property,Addition,0
Matrix (mathematics),Matrix multiplication,0
Algebraic expression,Real number,0
Rational number,Equation solving,0
Plane (geometry),Plane curve,0
Geometric progression,Geometry,0
Scalar multiplication,Elementary matrix,0
Mathematics,Piecewise,0
Exponentiation,Cartesian coordinate system,0
Multiplication,Polynomial,0
Linear equation,Vertical line test,0
E (mathematical constant),Real number,0
Equation solving,Equality (mathematics),1
Mathematics,Multiplicative inverse,0
Function (mathematics),Inequality (mathematics),0
Even and odd functions,Function (mathematics),1
Complex number,Set (mathematics),0
Circle,Line (geometry),1
Division by zero,Division (mathematics),1
Identity (mathematics),Mathematics,1
Interval (mathematics),Closed set,0
Analytic geometry,Geometry,1
Coordinate system,Number,1
Equation,Function (mathematics),0
Integer,Natural number,0
Matrix (mathematics),Matrix ring,0
Binomial,Calculus,0
Cross product,Mathematics,1
Sum,Arithmetic,1
Multiplication,Product (mathematics),0
Exponentiation,Identity (mathematics),0
Arithmetic,Matrix ring,0
Floor and ceiling functions,Series (mathematics),0
Real number,Graph of a function,0
Geometry,Origin (mathematics),0
Polynomial,Binomial,0
Degree of a polynomial,Polynomial long division,0
Mathematics,Exponential function,0
Number,Cross product,0
Complex number,Rational number,0
Absolute value,Real number,1
Work (physics),Calculus,0
Associative property,Exponentiation,0
Mathematics,Sine,0
Matrix (mathematics),Determinant,0
Cartesian coordinate system,Number,1
Function (mathematics),Transformation (function),0
Number,Multiplication,0
Mathematics,Mathematical proof,0
Associative property,Algebraic expression,0
Chord (geometry),Curve,1
Mathematics,Calculus,0
Product (mathematics),Cross product,0
E (mathematical constant),Number,1
Exponentiation,Binary logarithm,0
Exponentiation,Number,1
Rational number,Rational root theorem,0
Mathematics,Operation (mathematics),0
Plane (geometry),Complex plane,0
Graph of a function,Quadrant (plane geometry),0
Limit (mathematics),Limit of a function,0
Partial fraction decomposition,Integer,1
Multiplication,Scalar multiplication,0
Fundamental theorem of algebra,Equation,1
Addition,Inequality (mathematics),0
Inverse function,Change of variables,0
Plane curve,Asymptote,0
Hyperbola,Rotation of axes,0
Descartes' rule of signs,Real number,0
Number,Absolute value,0
Set (mathematics),Set-builder notation,0
Differential equation,Equality (mathematics),1
Analytic geometry,Plane (geometry),1
Geometry,Linear equation,0
Complex number,Equation,0
Square root,Pythagorean theorem,0
Binary logarithm,Exponentiation,1
Number,Parametric equation,0
Set (mathematics),Equation solving,0
Point (geometry),Solution of triangles,0
Invertible matrix,Matrix (mathematics),1
Addition,Algebraic expression,0
Complex number,Commutative property,0
Pythagorean theorem,Rational number,0
Binary logarithm,Scientific notation,0
Complex number,Rational function,0
Product topology,Product (mathematics),1
Semi-major axis,Hyperbola,0
Line segment,Spherical law of cosines,0
Arithmetic,Arithmetic mean,0
Polynomial,Zero of a function,0
Multiplication,Rational root theorem,0
Addition,Arithmetic,1
Set (mathematics),Closed set,0
Exponential growth,Mathematics,1
Inverse element,Sign (mathematics),1
Rational root theorem,Arithmetic,1
Secant line,Interval (mathematics),0
Quadrant (plane geometry),Mathematics,1
System of linear equations,Geometry,1
Vector field,Derivative,0
Ellipse,Line (geometry),1
Complex number,Complex conjugate,0
Matrix multiplication,Arithmetic,1
Mathematics,Exponentiation,0
Number,Natural logarithm,0
Euclidean vector,Position (vector),0
Eccentricity (mathematics),Circle,1
Spherical law of cosines,Trigonometry,1
Force,Simple harmonic motion,0
Polynomial long division,Rational root theorem,0
Rational number,E (mathematical constant),0
Linear inequality,Algebra,1
Addition,Degree of a polynomial,0
Solution of triangles,Line segment,1
System of linear equations,Equation,1
Calculus,Limit of a function,0
Unit circle,Line (geometry),1
Function (mathematics),Injective function,0
Hyperbola,Cone,0
Mathematics,Curve,0
Geometry,Right angle,0
Natural logarithm,Mathematics,1
Square root,Function (mathematics),0
Polygon,Point (geometry),1
Square root,Geometry,0
Curve,Eccentricity (mathematics),0
Number,Base (exponentiation),0
Number,Basis (linear algebra),0
Triangle,Mathematics,1
Square root,Quadratic function,0
Function (mathematics),Dependent and independent variables,0
Set-builder notation,Real number,0
Exponentiation,Function (mathematics),0
Number,Rational number,0
Function (mathematics),Constant function,0
Multiplication,Number,1
Mathematics,Radius,0
Open set,Interval (mathematics),0
Function composition,Function (mathematics),1
Quadratic equation,Negative number,0
Mathematics,Homogeneous polynomial,0
Circle,Rational number,0
Linear equation,Equality (mathematics),1
Square (algebra),Mathematics,1
Algebraic expression,Addition,1
Polynomial long division,Addition,1
Addition,Elementary matrix,0
Mathematics,Square root,0
Division by zero,Number,1
Logarithm,Complex number,0
Exponential function,Real number,0
Asymptote,Curve,1
Circle,Chord (geometry),0
Number,Binary number,0
Negative number,Distance,0
Circle,Cone,0
Number,Binary logarithm,0
Algebraic expression,E (mathematical constant),0
Linear equation,Number,1
Natural logarithm,Multiplication,1
Polynomial,Real number,0
Degree of a polynomial,Algebraic expression,0
Quadratic equation,Equality (mathematics),1
Line segment,Polygon,0
Equality (mathematics),Fundamental theorem of algebra,0
Scientific notation,E (mathematical constant),0
Algebraic expression,Square (algebra),1
Mathematics,Floor and ceiling functions,0
Analytic geometry,Equality (mathematics),1
Integer,Polynomial long division,0
Right angle,Right triangle,0
Set (mathematics),Distance,0
Circle,Curve,1
Number,Binomial theorem,0
Arithmetic,Quadratic formula,0
Point (geometry),Origin (mathematics),0
Square root,Quadratic equation,0
Binomial coefficient,Addition,1
Open set,Domain of a function,0
Arithmetic,Binary logarithm,0
Polynomial long division,Factorization,0
Multiplication,Dot product,0
Natural logarithm,Logarithm,1
Mathematics,Descartes' rule of signs,0
Sine wave,Trigonometry,1
Algebra,Square root,0
Polynomial,Degree of a polynomial,0
Natural number,Negative number,0
Algebraic operation,Mathematics,1
Factorization,Arithmetic,1
Mathematics,Constant function,0
Differential equation,Equation,1
Multiplication,Real line,0
Natural number,Rational number,0
Square root,Inverse trigonometric functions,0
Square root,Algebra,1
Line (geometry),Vertical line test,0
Number,Equation solving,0
Fundamental theorem of algebra,Addition,1
Basis (linear algebra),Algebra,1
Synthetic division,Number,1
Polynomial,Partial fraction decomposition,0
Function (mathematics),Zero of a function,0
Rational root theorem,Integer,1
Base (exponentiation),Binary logarithm,0
Partial fraction decomposition,Mathematics,1
Imaginary number,Square (algebra),0
Parallel (geometry),Slope,0
Algebra,Algebraic operation,0
Exponentiation,Natural number,0
Interval (mathematics),Analytic geometry,0
Absolute value,Number,1
Eccentricity (mathematics),Cone,1
Mathematics,Trigonometric functions,0
Zero (complex analysis),Number,1
Multiplication,Equation,0
Arithmetic,Base (exponentiation),0
Linear function,Function (mathematics),1
Division (mathematics),Polynomial long division,0
Addition,Geometry,0
Linear equation,Real number,0
Inequality (mathematics),Linear inequality,0
Mathematics,Conic section,0
Equation,Real number,0
Set (mathematics),Empty set,0
Cartesian coordinate system,Mathematics,1
Exponential function,Identity (mathematics),0
Exponential growth,Exponentiation,1
Piecewise,Function (mathematics),1
Quadratic formula,Multiplication,1
Scalar multiplication,Vector (mathematics and physics),1
Degree of a polynomial,Synthetic division,0
Inequality (mathematics),Algebra,1
Equation solving,Rational root theorem,0
Geometry,Closed set,0
Prime number,Floor and ceiling functions,0
Parallel (geometry),Mathematics,1
Addition,Division (mathematics),0
Matrix ring,Matrix (mathematics),1
Sign (mathematics),Real number,0
Simultaneous equations,Equality (mathematics),1
Real number,Number,1
Complex number,Natural logarithm,0
Line (geometry),Right triangle,0
Inverse function,Function (mathematics),1
Degree of a polynomial,Integer,1
Number,Quadratic equation,0
Degree of a polynomial,Multiplicative inverse,0
Constant function,Slope,0
Rotation of axes,Number,1
Cartesian coordinate system,Geometry,1
Negative number,Rational number,0
Exponentiation,Scientific notation,0
Summation,Empty sum,0
Real number,Zero (complex analysis),0
Common logarithm,Scientific notation,0
Extended real number line,Number,1
Pythagorean trigonometric identity,Mathematics,1
Real number,Square root,0
Closed set,Set (mathematics),1
Addition,Partial fraction decomposition,0
Triangle,Solution of triangles,0
Polynomial,Binomial theorem,0
Mathematics,Monotonic function,0
Asymptote,Vertical line test,0
Unit circle,Sine,0
Mathematics,Interval (mathematics),0
Mathematics,Scalar multiplication,0
Equality (mathematics),Analytic geometry,0
Calculus,Series (mathematics),0
Real number,Distributive property,0
Sum,Addition,1
Mathematics,Perpendicular,0
Line segment,Triangle,0
Function (mathematics),Range (statistics),0
Associative property,Set (mathematics),0
Plane (geometry),Geometry,1
Rational function,Function (mathematics),1
Line (geometry),Circle,0
Perpendicular,Slope,0
Circular motion,Circle,1
Complex number,Imaginary number,0
Cone,Ellipse,0
Polynomial,Nth root,0
Open set,Empty set,0
Eccentricity (mathematics),Conic section,1
Radius,Point (geometry),1
Common logarithm,Logarithm,1
Fundamental theorem of algebra,Number,1
Displacement (vector),Calculus,0
Subtraction,Number,1
Rational number,Real line,0
Analytic geometry,Angle,1
Constant function,Domain of a function,0
Arithmetic mean,Mathematics,1
Zero of a function,Domain of a function,1
Number,Dot product,0
Spherical law of cosines,Trigonometric functions,1
Function (mathematics),Function composition,0
Quadratic formula,Addition,1
Mathematics,Line (geometry),0
Equation,Equation solving,0
Rational root theorem,Multiplication,1
Orientation (geometry),Geometry,1
Binomial theorem,Real number,0
Binomial theorem,Binomial coefficient,0
Polar coordinate system,Plane (geometry),1
Mathematics,Pythagorean theorem,0
Spherical law of cosines,Polygon,0
Transformation (function),Set (mathematics),0
Function (mathematics),Binary logarithm,0
Algebraic expression,Integer,1
Arithmetic,Cross product,0
Geometry,Slope,0
Symmetry,Even and odd functions,0
Parametric equation,Number,1
Geometric series,Pythagorean theorem,0
Base (exponentiation),Logarithm,0
Square root,Rational number,0
Exponential growth,Natural logarithm,0
Plane (geometry),Cartesian coordinate system,0
Distance,Analytic geometry,0
Complex number,Inequality (mathematics),0
Exponential function,Graph of a function,0
Geometry,Triangle,0
Line (geometry),Geometry,1
Number,Partial fraction decomposition,0
Trigonometric functions,Pythagorean trigonometric identity,0
Polynomial,Interval (mathematics),0
Circle,Quadratic function,0
Product (mathematics),Number,1
Complex number,Cartesian coordinate system,0
Partial fraction decomposition,Division (mathematics),1
Mathematics,Polynomial,0
Real number,Multiplicative inverse,0
Rational root theorem,Mathematics,1
Mathematics,Factorization,0
Hyperbola,Geometry,0
Integer,Equation solving,0
Mathematics,Origin (mathematics),0
Elementary matrix,Matrix (mathematics),1
Curve,Chord (geometry),0
Conic section,Eccentricity (mathematics),0
Equation,Mathematics,1
Minor (linear algebra),Inverse function,0
Synthetic division,Division (mathematics),1
Vector field,Matrix multiplication,0
Polynomial,Complex number,0
Equation,Rational number,0
Quadratic equation,Polynomial long division,0
Identity matrix,Matrix (mathematics),1
Arithmetic,Multiplicative inverse,0
Degree of a polynomial,Multiplication,1
Arithmetic,Sum,0
Trigonometric functions,Spherical law of cosines,0
Addition,Nth root,0
Number,Imaginary number,0
Binomial coefficient,Real number,0
Addition,Parity (mathematics),0
Polynomial,Arithmetic,1
Multiplication,Exponentiation,0
Integer,Number,1
Matrix (mathematics),Invertible matrix,0
Function (mathematics),Empty set,0
Mathematics,Matrix ring,0
Law of sines,Geometry,1
Subtraction,Mathematics,1
Open set,Closed set,0
Inverse trigonometric functions,Inverse function,1
Calculus,Geometric series,0
Binomial,Factorization,0
Quadratic equation,Equation solving,0
Logarithm,Exponential growth,0
Force,Vector field,0
Arithmetic,Degree of a polynomial,0
Quadratic function,Empty set,0
Binary logarithm,Logarithm,1
Real number,Mathematical proof,0
Range (statistics),Inverse trigonometric functions,0
Mathematics,Triangular matrix,0
Line segment,Radius,0
Exponential function,Addition,0
Inverse trigonometric functions,Mathematics,1
Mathematics,Injective function,0
Line (geometry),Line segment,0
Line segment,Line (geometry),1
Binomial theorem,Arithmetic,1
Line (geometry),Complex number,0
Mathematics,Linear function,0
Inverse trigonometric functions,Sine,1
Degree of a polynomial,Mathematics,1
Number,Fundamental theorem of algebra,0
Solution of triangles,Polygon,1
Plane curve,Line (geometry),1
Differential equation,Mathematics,1
Conic section,Circle,1
Quadratic formula,Mathematics,1
Calculus,Fundamental theorem of algebra,0
Factorization,Multiplication,1
Main diagonal,Matrix (mathematics),1
Complex number,Graph of a function,0
Parallel (geometry),Geometry,1
Geometry,Analytic geometry,0
Equation,Algebraic expression,0
Linear equation,Analytic geometry,0
Multiplication,Elementary matrix,0
Descartes' rule of signs,Polynomial long division,0
Algebra,Linear inequality,0
Algebraic equation,Mathematics,1
Mathematics,Range (statistics),0
Determinant,Transformation (function),0
Natural logarithm,Binary logarithm,0
Point (geometry),Law of sines,0
Geometry,Circle,0
Partial fraction decomposition,Factorization,1
Unit circle,Mathematics,1
Multiplication,Natural number,0
Domain of a function,Mathematics,1
Algebraic expression,Algebra,1
Polynomial long division,Arithmetic,1
Descartes' rule of signs,Number,1
Binomial coefficient,Polynomial,1
Linear inequality,Number,1
Number,Algebraic expression,0
Algebraic expression,Multiplication,1
Subtraction,Integer,0
Identity matrix,Main diagonal,1
Quadratic equation,Graph of a function,0
Homogeneous polynomial,Arithmetic,1
Point (geometry),Line–line intersection,0
Addition,Natural number,0
Rotation (mathematics),Geometry,1
Prime number,Parity (mathematics),0
Mathematics,Pythagorean trigonometric identity,0
Trigonometric functions,Mathematics,1
E (mathematical constant),Multiplicative inverse,0
Coordinate system,Cartesian coordinate system,0
Mathematics,Edge (geometry),0
Rational number,Closed set,0
Union (set theory),Associative property,0
Linear inequality,Inequality (mathematics),1
Number,Inequality (mathematics),0
Commutative property,Real number,0
Mathematics,Rational root theorem,0
Linear function,Matrix (mathematics),0
Division by zero,Mathematics,1
Secant line,Geometry,1
Scalar multiplication,Vector field,0
Quadrant (plane geometry),Geometry,1
Zero of a function,Geometry,0
Common logarithm,Arithmetic,1
Conic section,Cone,1
Right triangle,Point (geometry),1
Algebraic expression,Mathematics,1
Mathematics,Natural logarithm,0
Monotonic function,Function (mathematics),1
Set (mathematics),Function (mathematics),0
Matrix multiplication,Matrix (mathematics),1
Geometry,Law of sines,0
Linear inequality,Equality (mathematics),1
Natural number,Function (mathematics),0
Exponentiation,Mathematics,1
Mathematics,Parametric equation,0
Displacement (vector),Derivative,0
Pythagorean trigonometric identity,Sine,0
Parametric equation,Equality (mathematics),1
Plane curve,Conic section,0
Analytic geometry,Coordinate system,1
Natural number,Number,1
Binomial coefficient,Number,1
System of linear equations,Linear equation,1
Point (geometry),Polygon,0
Mathematics,Arithmetic,0
Exponentiation,Natural logarithm,0
Number,Analytic geometry,0
Transformation (function),Function (mathematics),1
Multiplication,Cross product,0
Natural number,Empty set,0
Polynomial,Graph of a function,0
Number,Polynomial,0
Rotation of axes,Mathematics,1
Equation,Integer,0
Circle,Cartesian coordinate system,0
Mathematics,Subtraction,0
Sine,Geometry,1
Unit circle,Pythagorean theorem,0
Simultaneous equations,Number,1
Equation,Cartesian coordinate system,0
Function (mathematics),Distance,0
Amplitude,Force,0
Degree (angle),Mathematics,1
Number,Real line,0
Polynomial,Descartes' rule of signs,0
Logarithm,Degree of a polynomial,0
Inverse function,Mathematics,1
Geometry,Trigonometric functions,0
Constant function,Polynomial,0
Range (statistics),Limit of a sequence,0
Force,Change of variables,0
Chord (geometry),Point (geometry),1
Homogeneous polynomial,Polynomial,1
Point (geometry),Line segment,0
Fundamental theorem of algebra,Integer,1
Perpendicular,Equation,0
Exponentiation,Function composition,0
Sine,Multiplicative inverse,0
Equation,Analytic geometry,0
Complex number,Fundamental theorem of algebra,0
Euclidean vector,Vector (mathematics and physics),1
Exponential function,Arithmetic,1
Curve,Unit circle,0
Geometry,Polygon,0
Sine wave,Geometry,1
Line (geometry),Analytic geometry,0
Equation,Fundamental theorem of algebra,0
Asymptote,Geometry,1
Rational number,Multiplicative inverse,0
Zero (complex analysis),Complex number,1
Equation,Subtraction,0
Even and odd functions,Sine,0
Rotation of axes,Conic section,0
Curve,Ellipse,0
Spherical law of cosines,Triangle,0
Set (mathematics),Natural number,0
Law of sines,Triangle,1
Cone,Curve,1
Base (exponentiation),Calculus,0
Equality (mathematics),Rational root theorem,0
Eccentricity (mathematics),Curve,1
Division (mathematics),Arithmetic,1
Geometry,Conic section,0
Mathematics,Chord (geometry),0
Binomial,Integer,1
Multiplicative inverse,Number,1
Area,Geometry,0
Mathematics,Dependent and independent variables,0
Linear function,Slope,0
Line (geometry),Cartesian coordinate system,0
Linear function,Real number,0
Simple harmonic motion,Force,1
Polynomial,Polynomial long division,0
Circular sector,Line (geometry),1
Negative number,Slope,0
Real line,Graph of a function,0
Secant line,Circle,0
Unit circle,Cartesian coordinate system,0
Exponentiation,Addition,0
Set (mathematics),Open set,0
Line (geometry),Displacement (vector),0
Base (exponentiation),Multiplication,1
Floor and ceiling functions,Function (mathematics),0
Vector field,Mathematics,0
Dot product,Mathematics,1
Mathematics,Asymptote,0
Sine wave,Line (geometry),1
Integer,Inequality (mathematics),0
Logarithm,Common logarithm,0
Real number,Fundamental theorem of algebra,0
Addition,Function (mathematics),0
Addition,Descartes' rule of signs,0
Analytic geometry,Number,1
Minor (linear algebra),Identity matrix,0
Multiplication,Mathematics,1
Geometry,Edge (geometry),0
Mathematical induction,Mathematics,1
Real number,Natural logarithm,0
Function composition,Commutative property,0
Graph of a function,Function (mathematics),1
Parity (mathematics),Mathematical proof,0
Trigonometry,Solution of triangles,0
Line segment,Point (geometry),1
Base (exponentiation),Nth root,0
Mathematics,Line–line intersection,0
Line segment,Edge (geometry),0
Mathematics,Graph of a function,0
Range (statistics),Real number,0
Chord (geometry),Line (geometry),1
Linear inequality,Equation,1
Exponentiation,Negative number,0
Vector (mathematics and physics),Scalar multiplication,0
Natural logarithm,Multiplicative inverse,0
Set (mathematics),Interval (mathematics),0
Curve,Line (geometry),1
Arithmetic,Polynomial,0
Line (geometry),Unit circle,0
Function (mathematics),Piecewise,0
System of linear equations,Line (geometry),1
Exponentiation,Polynomial,0
Sign (mathematics),Absolute value,0
Set (mathematics),Rational number,0
Floor and ceiling functions,Limit of a sequence,0
Multiplication,Complex number,0
Analytic geometry,Distance,1
Geometry,Plane (geometry),0
Zero of a function,Real number,0
Geometry,Vertical line test,0
Injective function,Mathematics,1
Linear function,Perpendicular,0
Line (geometry),Eccentricity (mathematics),0
Line (geometry),Asymptote,0
Conic section,Geometry,1
Mathematics,Matrix multiplication,0
Multiplication,Inequality (mathematics),0
Extended real number line,Mathematics,1
Unit circle,Pythagorean trigonometric identity,0
Algebra,Inequality (mathematics),0
Mathematics,Triangle,0
Right triangle,Right angle,1
Multiplication,Identity matrix,0
Integer,Fundamental theorem of algebra,0
Algebraic equation,Equality (mathematics),1
Line (geometry),Equation solving,0
Amplitude,Periodic function,0
Law of sines,Pythagorean theorem,0
Degree (angle),Angle,1
Geometry,Angle,0
Parity (mathematics),Division (mathematics),0
Coordinate system,Quadrant (plane geometry),0
Identity (mathematics),Equality (mathematics),1
Conic section,Line (geometry),1
Quadratic equation,Real number,0
Analytic geometry,Mathematics,1
Integer,Sine,0
Multiplication,Algebraic expression,0
Series (mathematics),Mathematics,1
Linear function,Degree of a polynomial,0
Arithmetic,Binomial coefficient,0
Line segment,Geometry,1
Natural number,Division (mathematics),0
Linear equation,Equation solving,0
Triangle,Law of sines,0
Mathematics,Orientation (geometry),0
Pythagorean theorem,Distance,0
Semi-major axis,Simple harmonic motion,0
Base (exponentiation),Natural logarithm,0
Arithmetic,Exponential growth,0
Derivative,Vector (mathematics and physics),0
Sine,Graph of a function,0
Number,Simultaneous equations,0
Slope,Geometry,1
Mathematics,Image (mathematics),0
Angle,Cartesian coordinate system,0
Sine wave,Curve,1
Matrix multiplication,Multiplication,1
Pythagorean theorem,Function (mathematics),0
Addition,Even and odd functions,0
Mathematics,Quadratic formula,0
Vector space,Vector (mathematics and physics),1
Degree of a polynomial,Number,1
Limit (mathematics),Parity (mathematics),0
Equation,Division (mathematics),0
Complex number,Sine,0
Algebraic expression,Number,1
Unit circle,Real number,0
Partial fraction decomposition,Quadratic equation,0
Associative property,Subtraction,0
Mathematics,Inverse function,0
Quadrant (plane geometry),Coordinate system,1
Mathematics,Domain of a function,0
Graph of a function,Cartesian coordinate system,0
Triangle,Right triangle,0
Quadratic function,Mathematics,1
Limit of a function,Limit (mathematics),1
Equality (mathematics),Simultaneous equations,0
Line (geometry),Linear equation,0
Chord (geometry),Mathematics,1
Quadratic formula,Equality (mathematics),1
Binary logarithm,Function (mathematics),1
Real number,Common logarithm,0
Partial fraction decomposition,Monomial,0
Mathematics,Coordinate system,0
Binomial,Multiplication,1
Empty set,Closed set,0
Function (mathematics),Rational function,0
Algebraic equation,Equation,1
Fundamental theorem of algebra,Arithmetic,1
Graph (mathematics),Geometry,0
Geometry,Cone,0
Square matrix,Minor (linear algebra),0
Equality (mathematics),Quadratic formula,0
Linear equation,Slope,0
Matrix multiplication,Mathematics,1
Matrix multiplication,Elementary matrix,0
Mathematics,Trigonometric tables,0
Line (geometry),Sine wave,0
Synthetic division,Multiplication,1
Pythagorean theorem,Sine,0
Complex number,Factorization,0
Circle,Mathematics,1
Polynomial,Quadratic equation,0
Trigonometric functions,Identity (mathematics),0
Mathematical proof,Mathematics,1
Logarithm,Equation solving,0
Mathematics,Circular sector,0
Line (geometry),Edge (geometry),0
Mathematics,Multiplication,0
Parity (mathematics),Limit of a sequence,0
Exponential function,E (mathematical constant),0
Commutative property,Algebraic expression,0
Triangle,Polygon,1
Geometry,Quadrant (plane geometry),0
Real number,Complex number,0
Complex number,Real number,1
Edge (geometry),Mathematics,1
Arithmetic,Division by zero,0
Square matrix,Main diagonal,0
Number,Exponential function,0
Simultaneous equations,Mathematics,1
Even and odd functions,Real number,0
Binomial coefficient,Binomial,1
Calculus,Linear inequality,0
Range (statistics),Function (mathematics),1
Line (geometry),Chord (geometry),0
Interval (mathematics),Integer,0
Geometric series,Area,0
Mathematics,Periodic function,0
Matrix (mathematics),Minor (linear algebra),0
Line (geometry),Cylinder (geometry),0
Multiplication,Integer,0
Circle,Equation,0
Equation solving,Mathematics,1
Complex number,Inverse trigonometric functions,0
Line segment,Semi-major axis,0
Inverse function,Inverse trigonometric functions,0
Inequality (mathematics),Multiplicative inverse,0
Line (geometry),Real number,0
Common logarithm,Exponentiation,1
Edge (geometry),Geometry,1
Multiplication,Logarithm,0
Mathematics,Exponential growth,0
Semi-major axis,Displacement (vector),0
Monomial,Binomial,0
Scientific notation,Division (mathematics),0
Number,Zero (complex analysis),0
Polynomial,Equation solving,0
Associative property,Division (mathematics),0
Logarithm,Multiplicative inverse,0
Union (set theory),Distributive property,0
Union (set theory),Commutative property,0
Natural number,Subtraction,0
Quadratic formula,Integer,1
Angle,Triangle,0
Function (mathematics),Quadratic function,0
Complex conjugate,Number,1
Exponential growth,Multiplication,1
Calculus,Mathematics,1
Number,Matrix ring,0
Function (mathematics),Vertical line test,0
Complex conjugate,Real number,1
Plane (geometry),Mathematics,1
Product topology,Number,1
Mathematics,Cylinder (geometry),0
Line segment,Semi-minor axis,0
Angle,Geometry,1
Unit circle,Circle,1
Main diagonal,Identity matrix,0
Mathematics,System of linear equations,0
Mathematics,Law of sines,0
Descartes' rule of signs,Arithmetic,1
Logarithm,Real number,0
Semi-major axis,Semi-minor axis,0
Radius,Mathematics,1
Geometry,Curve,0
Real line,Distance,0
Geometry,Degree (angle),0
Set-builder notation,Set (mathematics),1
Geometry,Secant line,0
Angle,Rectangle,0
Number,Real number,0
Piecewise,Mathematics,1
Integer,Synthetic division,0
Range (statistics),Complex number,0
Image (mathematics),Mathematics,1
Mathematics,Parallel (geometry),0
Arithmetic,Parity (mathematics),0
Spherical law of cosines,Pythagorean theorem,0
Addition,Binomial coefficient,0
Law of sines,Trigonometric functions,0
Real number,Extended real number line,0
Geometry,Sine wave,0
Triangle,Angle,1
Circular sector,Area,0
Rational number,Number,1
Mathematics,Function (mathematics),0
Parity (mathematics),Number,0
Mathematics,Circular motion,0
Algebraic expression,Division (mathematics),0
Curve,Circular sector,0
Floor and ceiling functions,Periodic function,0
Descartes' rule of signs,Polynomial,1
Exponentiation,Integer,0
Geometry,Cartesian coordinate system,0
Number,Multiplicative inverse,0
Simple harmonic motion,Sine wave,0
Trigonometry,Spherical law of cosines,0
Arithmetic,Synthetic division,0
Real line,Line (geometry),1
Mathematics,Linear equation,0
Addition,Quadratic formula,0
Calculus,Limit (mathematics),0
Square root,Natural number,0
Mathematics,Right triangle,0
Logistic function,Natural logarithm,0
Negative number,Inequality (mathematics),0
Polar coordinate system,Mathematics,1
Complex plane,Geometry,1
Number,Square (algebra),0
Elementary matrix,Identity matrix,1
Synthetic division,Addition,1
Multiplication,Quadratic formula,0
Dependent and independent variables,Derivative,0
Product topology,Mathematics,1
Mathematics,Sum,0
Integer,Polynomial,0
Number,Synthetic division,0
Pythagorean trigonometric identity,Trigonometric functions,1
Equation,Rational root theorem,0
Mathematics,Limit of a sequence,0
Arithmetic,Matrix multiplication,0
Quadratic equation,Analytic geometry,0
Continuous function,Function (mathematics),1
Integer,Real number,0
Matrix (mathematics),Identity matrix,0
Right triangle,Line segment,1
Exponential function,Complex number,0
Multiplication,Polynomial long division,0
Number,Polynomial long division,0
Equation,Change of variables,0
Addition,Distributive property,0
Scientific notation,Subtraction,0
Dot product,Product (mathematics),1
Vector (mathematics and physics),Vector field,0
Mathematics,Dot product,0
Mathematics,Partial fraction decomposition,0
Perpendicular,Pythagorean theorem,0
Interval (mathematics),Mathematics,1
Division (mathematics),Elementary matrix,0
Polynomial,Monomial,0
Cone,Conic section,0
Real line,Real number,1
Fundamental theorem of algebra,Matrix (mathematics),0
Polynomial,E (mathematical constant),0
Commutative property,Division (mathematics),0
Polynomial,Binomial coefficient,0
Partial fraction decomposition,Real number,0
Geometry,Parallel (geometry),0
Degree (angle),Circular sector,0
Rational root theorem,Addition,1
Mathematics,Zero of a function,0
Law of sines,Line (geometry),1
Slope,Line (geometry),1
Function composition,Mathematics,1
Real number,Cartesian coordinate system,0
Curve,Asymptote,0
Number,Square root,0
Polynomial,Subtraction,0
Trigonometric functions,Geometry,1
Hyperbola,Focus (geometry),0
Mathematics,Function composition,0
Line (geometry),Triangle,0
Mathematics,Degree (angle),0
Equation,Domain of a function,0
Pythagorean theorem,Pythagorean trigonometric identity,0
Multiplication,Matrix multiplication,0
Rotation of axes,Geometry,1
Curve,Conic section,0
Interval (mathematics),Real line,0
Matrix (mathematics),Main diagonal,0
Angle,Perpendicular,0
Logarithm,Base (exponentiation),1
Mathematics,Parity (mathematics),0
Cross product,Multiplication,1
Real number,Vector (mathematics and physics),0
Trigonometry,Trigonometric substitution,0
Circle,Perpendicular,0
Scientific notation,Integer,0
Scientific notation,Natural logarithm,0
Constant function,Zero of a function,0
Geometric series,Series (mathematics),1
Polar coordinate system,Coordinate system,1
Function composition,Real number,0
Absolute value,Sign (mathematics),1
Summation,Mathematics,1
Position (vector),Real number,0
Binomial,Mathematics,1
Logarithm,Nth root,0
Curve,Secant line,0
Determinant,Vector (mathematics and physics),0
Multiplication,Exponential growth,0
Vertical line test,Mathematics,1
Arithmetic,Descartes' rule of signs,0
Scalar multiplication,Addition,0
Circular motion,Mathematics,1
Number,Homogeneous polynomial,0
Polygon,Line (geometry),1
Line (geometry),Parallel (geometry),0
Plane curve,Curve,1
Mathematics,Right angle,0
Operation (mathematics),Mathematics,1
Coordinate system,Mathematics,1
Constant function,Function (mathematics),1
Arithmetic,Partial fraction decomposition,0
Degree of a polynomial,Addition,1
Zero (complex analysis),Real number,1
Integer,Rational root theorem,0
Geometry,Real line,0
Multiplication,Base (exponentiation),0
Algebraic operation,Number,1
Mathematics,Rotation of axes,0
Right triangle,Mathematics,1
Square (algebra),Algebra,1
Union (set theory),Addition,0
Rational root theorem,Polynomial,1
Exponentiation,Base (exponentiation),0
Algebraic expression,Nth root,0
Constant function,Mathematics,1
Complex plane,Plane (geometry),1
Real number,Distance,0
Square root,Domain of a function,0
Mathematics,Geometry,0
Mathematics,Quadratic equation,0
Open set,Function (mathematics),0
Right triangle,Angle,1
Negative number,Integer,0
Union (set theory),Open set,0
Function (mathematics),Mathematics,1
Algebraic expression,Exponentiation,1
Square root,Natural logarithm,0
Base (exponentiation),Mathematics,1
Curve,Mathematics,1
Floor and ceiling functions,Real number,0
Geometry,Spherical law of cosines,0
Line (geometry),Polygon,0
Range (statistics),Inverse function,0
Matrix multiplication,Number,1
Number,Binomial coefficient,0
Angle,Degree (angle),0
Even and odd functions,Division (mathematics),0
Number,E (mathematical constant),0
Circle,Unit circle,0
Constant function,Degree of a polynomial,0
Linear equation,Linear inequality,0
Rational root theorem,Equality (mathematics),1
Complex number,Equation solving,0
Exponential growth,Arithmetic,1
Product (mathematics),Mathematics,1
Multiplication,Descartes' rule of signs,0
Trigonometry,Sine wave,0
Partial fraction decomposition,Number,1
Number,Negative number,0
Imaginary number,Number,1
Homogeneous polynomial,Multiplication,1
Division (mathematics),Distributive property,0
Synthetic division,Arithmetic,1
Minor (linear algebra),Matrix multiplication,0
Arithmetic,Empty sum,0
Amplitude,Simple harmonic motion,0
Inequality (mathematics),Domain of a function,0
Linear function,Calculus,1
Multiplicative inverse,Division (mathematics),1
Plane (geometry),Orientation (geometry),0
Arithmetic,Addition,0
Natural logarithm,Base (exponentiation),1
Zero of a function,Multiplicative inverse,0
Determinant,Elementary matrix,0
Rational number,Division (mathematics),0
Square root,Mathematics,1
Square matrix,Imaginary number,0
Slope,Mathematics,1
Function (mathematics),Natural logarithm,0
Prime number,Fundamental theorem of algebra,0
Logarithm,Binary logarithm,0
Parity (mathematics),Scientific notation,0
Synthetic division,Polynomial,1
Product (mathematics),Multiplication,1
Point (geometry),Right triangle,0
Arithmetic,Binomial theorem,0
Identity matrix,Square matrix,1
Formula,Mathematics,1
Law of sines,Mathematics,1
Scalar multiplication,Mathematics,1
Angle,Right triangle,0
Exponential function,Degree of a polynomial,0
Complex number,Nth root,0
Negative number,Number,1
Square root,Complex number,0
Function (mathematics),Cubic function,0
Number,Natural number,0
Cartesian coordinate system,Coordinate system,1
Geometry,Rotation (mathematics),0
Scalar multiplication,Matrix (mathematics),0
Complex number,Quadratic equation,0
Graph of a function,Slope,0
Rational function,Polynomial long division,0
Domain of a function,Zero of a function,0
Geometry,Plane curve,0
Scalar multiplication,Vector space,1
Quadratic function,Function (mathematics),1
Law of sines,Trigonometry,1
Transformation (function),Hyperbola,0
Focus (geometry),Conic section,0
Polygon,Triangle,0
Number,Empty set,0
Division by zero,Arithmetic,1
Addition,Scientific notation,0
Number,Floor and ceiling functions,0
Rational number,Binary logarithm,0
Exponential function,Sine,0
Exponentiation,Nth root,0
Partial fraction decomposition,Rational function,0
Floor and ceiling functions,Scientific notation,0
Multiplicative inverse,Arithmetic,1
Mathematics,List of mathematical symbols,0
Function (mathematics),Linear inequality,0
Piecewise,Interval (mathematics),0
Extended real number line,Real number,1
Complex plane,Mathematics,1
Line (geometry),Mathematics,1
Geometry,Vector field,0
Binomial theorem,Binomial,1
Determinant,Square matrix,1
Union (set theory),Closed set,0
Addition,Fundamental theorem of algebra,0
Curve,Geometry,1
Equality (mathematics),Quadratic equation,0
Vertical line test,Graph of a function,1
Coordinate system,Polar coordinate system,0
Line–line intersection,Mathematics,1
Arithmetic,Product topology,0
Inverse trigonometric functions,Trigonometric functions,1
Square root,Degree of a polynomial,0
Cartesian coordinate system,Analytic geometry,0
Equality (mathematics),Equation solving,0
Chord (geometry),Geometry,1
Arithmetic,Multiplication,0
Matrix (mathematics),Elementary matrix,0
Number,Product topology,0
Factorization,Mathematics,1
Inverse trigonometric functions,Multiplicative inverse,0
Binomial coefficient,Integer,1
Square matrix,Matrix (mathematics),1
Algebra,Fundamental theorem of algebra,0
Square matrix,Square (algebra),0
Algebra,Square (algebra),0
Ellipse,Mathematics,1
Linear equation,System of linear equations,0
Line segment,Mathematics,1
Arithmetic,Natural logarithm,0
Complex number,Domain of a function,0
Integer,Division (mathematics),0
Coordinate system,Change of variables,0
Ellipse,Geometry,1
Image (mathematics),Function (mathematics),1
Basis (linear algebra),Number,1
Geometry,Ellipse,0
Polynomial long division,Graph of a function,0
Mathematics,Inequality (mathematics),0
Number,Rotation of axes,0
Sign (mathematics),Algebra,0
Equation,Number,1
Circular motion,Curve,1
Parity (mathematics),Mathematics,1
Rationalisation (mathematics),Complex number,0
Function (mathematics),Multiplicative inverse,0
Determinant,Vector field,0
Number,Equation,0
Line (geometry),Law of sines,0
Mathematics,Secant line,0
Exponentiation,Logarithm,0
Geometry,Asymptote,0
Geometry,Complex plane,0
Symmetry,Mathematics,0
Base (exponentiation),Exponentiation,1
Rectangle,Angle,1
Vector (mathematics and physics),Vector space,0
Maxima and minima,Injective function,0
Function composition,Domain of a function,0
Graph of a function,Mathematics,1
Vertical line test,Domain of a function,0
Circle,Pythagorean theorem,0
Binary logarithm,Multiplication,1
Multiplication,Partial fraction decomposition,0
Fundamental theorem of algebra,Complex number,1
Equation,Simultaneous equations,0
Pythagorean trigonometric identity,Trigonometry,1
Union (set theory),Integer,0
Multiplication,Subtraction,0
Mathematics,Plane curve,0
Analytic geometry,Equation,1
Complex number,Interval (mathematics),0
Slope,Analytic geometry,0
Elementary matrix,Main diagonal,1
Graph of a function,Analytic geometry,0
Number,Descartes' rule of signs,0
Negative number,Real number,0
Addition,Subtraction,0
Exponentiation,Unit circle,0
Law of sines,Polygon,1
Linear function,Linear inequality,0
Line (geometry),Vector field,0
Polynomial long division,Mathematics,1
Floor and ceiling functions,Number,1
Geometry,Coordinate system,0
Unit circle,Geometry,1
Coordinate system,Analytic geometry,0
Addition,Real number,0
Scalar (mathematics),Scalar multiplication,0
Mathematics,Quadratic function,0
Work (physics),Force,1
Mathematics,Extended real number line,0
Multiplication,Distributive property,0
Scalar multiplication,Work (physics),0
Polynomial,Quadratic function,0
Integer,Homogeneous polynomial,0
Area,Cone,0
Dot product,Number,1
Mathematics,Mathematical induction,0
Polygon,Geometry,1
Point (geometry),Triangle,0
Integer,Nth root,0
Quadratic formula,Number,1
Logarithm,Function (mathematics),0
List of mathematical symbols,Mathematics,1
Equality (mathematics),Inequality (mathematics),0
Focus (geometry),Geometry,1
Vertical line test,Line (geometry),1
Line (geometry),Curve,0
Exponentiation,Complex number,0
Sine,Identity (mathematics),0
Quadratic function,Quadratic equation,0
Equality (mathematics),Linear inequality,0
Curve,Circular motion,0
Cone,Line (geometry),1
Vector field,Vector (mathematics and physics),1
Multiplication,Factorization,0
Origin (mathematics),Point (geometry),1
Multiplication,Exponential function,0
Mathematics,Equation,0
Multiplication,Arithmetic,1
Geometry,Right triangle,0
Displacement (vector),Force,0
Curve,Circle,0
Sum,Number,1
Square matrix,Determinant,0
Pythagorean theorem,Analytic geometry,0
Function (mathematics),Graph of a function,0
Domain of a function,Function (mathematics),1
Arithmetic mean,Arithmetic,1
Logarithm,Multiplication,1
Floor and ceiling functions,Mathematics,1
Mathematics,Division (mathematics),0
Zero of a function,Function (mathematics),1
Polynomial,Synthetic division,0
Geometry,Solution of triangles,0
Semi-major axis,Focus (geometry),0
Triangle,Line (geometry),1
Natural logarithm,Number,1
Mathematics,Focus (geometry),0
Inverse trigonometric functions,Domain of a function,0
Exponential function,Number,1
Edge (geometry),Point (geometry),1
Minor (linear algebra),Determinant,1
Complex number,Pythagorean theorem,0
Mathematics,Binomial,0
Line segment,Focus (geometry),0
Cubic function,Mathematics,1
Polynomial,Algebraic expression,0
Natural number,Geometry,0
Exponential function,Slope,0
Piecewise,Maxima and minima,0
Binomial theorem,Number,1
Line (geometry),Slope,0
Number,Division (mathematics),0
Function composition,Natural number,0
Empty set,Set (mathematics),1
Interval (mathematics),Multiplicative inverse,0
Real number,Empty set,0
Line (geometry),System of linear equations,0
Cartesian coordinate system,Plane (geometry),1
Open set,Rational number,0
Arithmetic,Fundamental theorem of algebra,0
Product topology,Multiplication,1
Arithmetic,Scalar multiplication,0
Fundamental theorem of algebra,Polynomial,1
Summation,Addition,1
Geometry,Focus (geometry),0
Cone,Eccentricity (mathematics),0
Vector space,Scalar multiplication,0
Sum,Mathematics,1
Unit circle,Inverse trigonometric functions,0
Mathematics,Algebraic operation,0
Mathematics,Solution of triangles,0
Eccentricity (mathematics),Mathematics,1
System of linear equations,Number,1
Division (mathematics),Binary logarithm,0
Simultaneous equations,Equation,1
Descartes' rule of signs,Mathematics,1
Fundamental theorem of algebra,Multiplication,1
Mathematics,Trigonometry,0
Subtraction,Division (mathematics),0
Algebra,Basis (linear algebra),0
Sine,Real number,0
Multiplication,Product topology,0
Equality (mathematics),Parametric equation,0
Matrix ring,Arithmetic,1
Plane curve,Mathematics,1
Multiplication,Even and odd functions,0
Right triangle,Triangle,1
Circle,Circular sector,0
Perpendicular,Mathematics,1
Open set,Real line,0
Rotation of axes,Coordinate system,1
Rectangle,Geometry,1
Eccentricity (mathematics),Geometry,1
Even and odd functions,Domain of a function,0
Exponential growth,Common logarithm,0
Polynomial,Slope,0
Arithmetic,Polynomial long division,0
Coordinate system,Circle,0
Mathematics,Spherical law of cosines,0
Exponential function,Function (mathematics),1
Integer,Quadratic formula,0
Partial fraction decomposition,Polynomial,1
Quadratic equation,Degree of a polynomial,0
Addition,Synthetic division,0
Trigonometry,Trigonometric functions,0
Arithmetic,Binomial,0
Elementary matrix,Square matrix,1
Line–line intersection,Geometry,1
Number,Complex number,0
Function (mathematics),Linear function,0
Quadratic equation,Equation,1
Mathematics,Expression (mathematics),0
Line segment,Chord (geometry),0
Secant line,Mathematics,1
Mathematics,Fundamental theorem of algebra,0
Floor and ceiling functions,Mathematical proof,0
Square root,Number,1
Mereology,Mathematics,1
Polynomial,Rational number,0
Mathematics,Limit of a function,0
Line (geometry),Circular motion,0
Line segment,Law of sines,0
Equality (mathematics),Differential equation,0
Quadratic equation,Sine,0
Mathematics,Basis (linear algebra),0
Logarithm,Integer,0
Equation solving,Nth root,0
Natural logarithm,Exponentiation,1
Complex conjugate,Complex number,1
Inverse trigonometric functions,Function (mathematics),1
Slope,Sine,0
Multiplication,Degree of a polynomial,0
Binomial,Polynomial,1
Multiplication,Binomial theorem,0
Degree (angle),Geometry,1
Polynomial,Division (mathematics),0
Real number,Rational number,0
Limit (mathematics),Calculus,1
Limit of a function,Mathematics,1
Number,Sum,0
Origin (mathematics),Mathematics,1
Multiplication,Fundamental theorem of algebra,0
Real number,System of linear equations,0
Degree of a polynomial,Zero of a function,0
Geometry,Chord (geometry),0
Spherical law of cosines,Perpendicular,0
Line (geometry),Plane curve,0
Addition,Empty sum,0
Linear function,Graph of a function,0
Number,Subtraction,0
Chord (geometry),Line segment,1
Determinant,Matrix (mathematics),1
Number,Complex conjugate,0
Chord (geometry),Circle,1
Product (mathematics),Product topology,0
Inequality (mathematics),Number,1
Factorization,Number,1
Semi-minor axis,Conic section,0
Rational number,Set-builder notation,0
Exponential function,Natural logarithm,0
Mathematics,Cone,0
Orientation (geometry),Plane (geometry),1
Set (mathematics),E (mathematical constant),0
Trigonometric substitution,Mathematics,1
Square root,Common logarithm,0
Number,Nth root,0
Function composition,Transformation (function),0
Subtraction,Inequality (mathematics),0
Mathematical induction,Real number,0
Analytic geometry,Line (geometry),1
Multiplication,Real number,0
Real number,Absolute value,0
Division (mathematics),Division by zero,0
Focus (geometry),Mathematics,1
Cone,Circle,1
Complex number,Zero (complex analysis),0
Binary logarithm,Mathematics,1
Exponentiation,Multiplication,1
Law of sines,Angle,1
Division (mathematics),Mathematics,1
Factorization,Real number,0
Real number,Analytic geometry,0
Number,Rational root theorem,0
Line (geometry),Circular sector,0
Mathematics,Slope,0
Circular sector,Polygon,0
Circular sector,Circle,1
Solution of triangles,Geometry,1
Homogeneous polynomial,Number,1
Unit circle,Equation,0
Mathematics,Mathematical analysis,0
Mathematics,Equality (mathematics),0
Curve,Sine wave,0
Trigonometric substitution,Trigonometry,1
Addition,Polynomial,0
Multiplication,Natural logarithm,0
Complex number,Negative number,0
Mathematics,Quadrant (plane geometry),0
Mathematics,Binary logarithm,0
Integer,Descartes' rule of signs,0
Complex number,E (mathematical constant),0
Empty sum,Mathematics,1
Arithmetic,Dot product,0
Equation solving,Equation,1
Function (mathematics),Exponential function,0
Binomial coefficient,Arithmetic,1
Descartes' rule of signs,Integer,1
Multiplication,Homogeneous polynomial,0
Fundamental theorem of algebra,Equality (mathematics),1
Pythagorean theorem,Geometry,1
Transformation (function),Mathematics,1
Number,Exponential growth,0
Imaginary number,Complex number,1
Amplitude,Even and odd functions,0
Determinant,Parity (mathematics),0
Circular motion,Line (geometry),1
Exponentiation,Sine,0
Line (geometry),Perpendicular,0
Periodic function,Function (mathematics),1
Point (geometry),Edge (geometry),0
Equation,Linear equation,0
Scalar multiplication,Arithmetic,1
Mathematics,Rational function,0
Fundamental theorem of algebra,Algebra,1
Line (geometry),Solution of triangles,0
Real number,Limit of a sequence,0
Perpendicular,Geometry,1
Number,Linear equation,0
Point (geometry),Mathematics,1
Sine,Trigonometry,1
Mathematics,Limit (mathematics),0
Polar coordinate system,Number,1
Angle,Law of sines,0
Equation solving,Real number,0
Rational function,Mathematics,1
Function (mathematics),Continuous function,0
Degree of a polynomial,Arithmetic,1
Quadratic equation,Number,1
Geometry,Distance,0
Subtraction,Real number,0
Cylinder (geometry),Geometry,1
Mathematics,Algebra,0
Series (mathematics),Geometric series,0
Empty sum,Number,1
Addition,Complex number,0
Number,Summation,0
Exponential function,Exponential growth,0
Real number,Real line,0
Binomial coefficient,Mathematics,1
Number,Algebraic equation,0
Interval (mathematics),Inequality (mathematics),0
Mathematics,Point (geometry),0
Linear inequality,Function (mathematics),1
Line (geometry),Focus (geometry),0
Cross product,Product (mathematics),1
Linear inequality,Linear function,1
Mathematics,Equation solving,0
Polynomial long division,Synthetic division,0
Mathematics,Polar coordinate system,0
Mathematics,Binomial theorem,0
Addition,Summation,0
Binomial theorem,Multiplication,1
Conic section,Curve,1
Curve,Plane curve,0
Binomial,Addition,1
Equality (mathematics),Algebra,0
Triangle,Line segment,1
Partial fraction decomposition,Addition,1
Trigonometric functions,Trigonometry,1
Vector (mathematics and physics),Scalar (mathematics),0
Plane (geometry),Analytic geometry,0
Mathematics,Square (algebra),0
Mathematical analysis,Mathematics,1
Polynomial long division,Integer,1
Summation,Number,1
Mathematical proof,Mathematical induction,0
Arithmetic,Summation,0
Pythagorean trigonometric identity,Geometry,1
Arithmetic,Logarithm,0
Mathematics,Plane (geometry),0
Vector (mathematics and physics),Norm (mathematics),0
Geometric series,Mathematics,1
Binomial,Summation,0
Real number,Imaginary number,0
Logarithm,Exponentiation,1
Logarithm,Arithmetic,1
Length,Geometry,0
Mathematics,Addition,0
Number,Logarithm,0
Set (mathematics),Distributive property,0
Rationalisation (mathematics),Square root,0
Integer,Distributive property,0
Integer,Binary logarithm,0
Polynomial,Function composition,0
Common logarithm,Number,1
Partial fraction decomposition,Synthetic division,0
Descartes' rule of signs,Multiplication,1
Division (mathematics),Multiplicative inverse,0
Limit (mathematics),Mathematics,1
Analytic geometry,Perpendicular,1
Sine,Inverse trigonometric functions,0
Quadratic equation,Rational number,0
Function composition,Interval (mathematics),0
Summation,Arithmetic,1
Equation,Zero of a function,0
Polynomial,Natural number,0
Mathematics,Polynomial long division,0
Multiplication,Minor (linear algebra),0
Trigonometric substitution,Geometry,1
Homogeneous polynomial,Integer,1
